,rider_url
0,https://www.procyclingstats.com/rider/mathieu-van-der-poel
1,https://www.procyclingstats.com/rider/jasper-philipsen
2,https://www.procyclingstats.com/rider/soren-kragh-andersen
3,https://www.procyclingstats.com/rider/silvan-dillier
4,https://www.procyclingstats.com/rider/kaden-groves
5,https://www.procyclingstats.com/rider/xandro-meurisse
6,https://www.procyclingstats.com/rider/gianni-vermeersch
7,https://www.procyclingstats.com/rider/quinten-hermans
8,https://www.procyclingstats.com/rider/ramon-sinkeldam
9,https://www.procyclingstats.com/rider/oscar-riesebeek
10,https://www.procyclingstats.com/rider/michael-gogl
11,https://www.procyclingstats.com/rider/jonas-rickaert
12,https://www.procyclingstats.com/rider/nicola-conci
13,https://www.procyclingstats.com/rider/jimmy-janssens
14,https://www.procyclingstats.com/rider/axel-laurance
15,https://www.procyclingstats.com/rider/edward-planckaert
16,https://www.procyclingstats.com/rider/timo-kielich
17,https://www.procyclingstats.com/rider/stan-van-tricht
18,https://www.procyclingstats.com/rider/tobias-bayer
19,https://www.procyclingstats.com/rider/robbe-ghys
20,https://www.procyclingstats.com/rider/jensen-plowright
21,https://www.procyclingstats.com/rider/senne-leysen
22,https://www.procyclingstats.com/rider/maurice-ballerstedt
23,https://www.procyclingstats.com/rider/fabio-van-den-bossche
24,https://www.procyclingstats.com/rider/juri-hollmann
25,https://www.procyclingstats.com/rider/henri-uhlig
26,https://www.procyclingstats.com/rider/lars-boven
27,https://www.procyclingstats.com/rider/luca-vergallito
28,https://www.procyclingstats.com/rider/jason-osborne
29,https://www.procyclingstats.com/rider/arnaud-demare
30,https://www.procyclingstats.com/rider/florian-senechal
31,https://www.procyclingstats.com/rider/clement-venturini
32,https://www.procyclingstats.com/rider/amaury-capiot
33,https://www.procyclingstats.com/rider/anthony-delaplace
34,https://www.procyclingstats.com/rider/luca-mozzato
35,https://www.procyclingstats.com/rider/daniel-mclay
36,https://www.procyclingstats.com/rider/vincenzo-albanese
37,https://www.procyclingstats.com/rider/clement-champoussin
38,https://www.procyclingstats.com/rider/cristian-rodriguez
39,https://www.procyclingstats.com/rider/kevin-vauquelin
40,https://www.procyclingstats.com/rider/jenthe-biermans
41,https://www.procyclingstats.com/rider/elie-gesbert
42,https://www.procyclingstats.com/rider/matis-louvel
43,https://www.procyclingstats.com/rider/lukasz-owsian
44,https://www.procyclingstats.com/rider/kevin-ledanois
45,https://www.procyclingstats.com/rider/miles-scotson
46,https://www.procyclingstats.com/rider/thibault-guernalec
47,https://www.procyclingstats.com/rider/louis-barre
48,https://www.procyclingstats.com/rider/ewen-costiou
49,https://www.procyclingstats.com/rider/david-dekker
50,https://www.procyclingstats.com/rider/raul-garcia-pierna
51,https://www.procyclingstats.com/rider/simon-guglielmi
52,https://www.procyclingstats.com/rider/laurens-huys
53,https://www.procyclingstats.com/rider/michel-ries
54,https://www.procyclingstats.com/rider/alan-riou
55,https://www.procyclingstats.com/rider/alessandro-verre
56,https://www.procyclingstats.com/rider/mathis-le-berre
57,https://www.procyclingstats.com/rider/donavan-grondin
58,https://www.procyclingstats.com/rider/geraint-thomas
59,https://www.procyclingstats.com/rider/elia-viviani
60,https://www.procyclingstats.com/rider/michal-kwiatkowski
61,https://www.procyclingstats.com/rider/egan-bernal
62,https://www.procyclingstats.com/rider/filippo-ganna
63,https://www.procyclingstats.com/rider/ben-swift
64,https://www.procyclingstats.com/rider/jonathan-castroviejo
65,https://www.procyclingstats.com/rider/thomas-pidcock
66,https://www.procyclingstats.com/rider/carlos-rodriguez-cano
67,https://www.procyclingstats.com/rider/ethan-hayter
68,https://www.procyclingstats.com/rider/jhonatan-narvaez
69,https://www.procyclingstats.com/rider/thymen-arensman
70,https://www.procyclingstats.com/rider/laurens-de-plus
71,https://www.procyclingstats.com/rider/luke-rowe
72,https://www.procyclingstats.com/rider/omar-fraile
73,https://www.procyclingstats.com/rider/magnus-sheffield
74,https://www.procyclingstats.com/rider/tobias-foss
75,https://www.procyclingstats.com/rider/salvatore-puccio
76,https://www.procyclingstats.com/rider/connor-swift
77,https://www.procyclingstats.com/rider/oscar-rodriguez
78,https://www.procyclingstats.com/rider/joshua-tarling
79,https://www.procyclingstats.com/rider/cameron-wurf
80,https://www.procyclingstats.com/rider/ben-turner
81,https://www.procyclingstats.com/rider/brandon-smith-rivera-vargas
82,https://www.procyclingstats.com/rider/kim-heiduk
83,https://www.procyclingstats.com/rider/leo-hayter
84,https://www.procyclingstats.com/rider/andrew-august
85,https://www.procyclingstats.com/rider/michael-leonard1
86,https://www.procyclingstats.com/rider/artem-shmidt
87,https://www.procyclingstats.com/rider/mark-cavendish
88,https://www.procyclingstats.com/rider/aleksey-lutsenko
89,https://www.procyclingstats.com/rider/alberto-bettiol
90,https://www.procyclingstats.com/rider/michael-morkov
91,https://www.procyclingstats.com/rider/davide-ballerini
92,https://www.procyclingstats.com/rider/simone-velasco
93,https://www.procyclingstats.com/rider/cees-bol
94,https://www.procyclingstats.com/rider/dmitriy-gruzdev
95,https://www.procyclingstats.com/rider/rudiger-selig
96,https://www.procyclingstats.com/rider/lorenzo-fortunato
97,https://www.procyclingstats.com/rider/henok-mulubrhan
98,https://www.procyclingstats.com/rider/yevgeniy-gidich
99,https://www.procyclingstats.com/rider/max-kanter
100,https://www.procyclingstats.com/rider/samuele-battistella
101,https://www.procyclingstats.com/rider/yevgeniy-fedorov
102,https://www.procyclingstats.com/rider/ide-schelling
103,https://www.procyclingstats.com/rider/christian-scaroni
104,https://www.procyclingstats.com/rider/harold-tejada
105,https://www.procyclingstats.com/rider/vadim-pronskiy
106,https://www.procyclingstats.com/rider/anthon-charmig
107,https://www.procyclingstats.com/rider/gleb-syritsa
108,https://www.procyclingstats.com/rider/igor-chzhan
109,https://www.procyclingstats.com/rider/gleb-brussenskiy
110,https://www.procyclingstats.com/rider/harold-martin-lopez
111,https://www.procyclingstats.com/rider/anton-kuzmin
112,https://www.procyclingstats.com/rider/daniil-marukhin
113,https://www.procyclingstats.com/rider/michele-gazzoli
114,https://www.procyclingstats.com/rider/santiago-umba
115,https://www.procyclingstats.com/rider/gianmarco-garofoli
116,https://www.procyclingstats.com/rider/wout-poels
117,https://www.procyclingstats.com/rider/pello-bilbao
118,https://www.procyclingstats.com/rider/damiano-caruso
119,https://www.procyclingstats.com/rider/matej-mohoric
120,https://www.procyclingstats.com/rider/andrea-pasqualon
121,https://www.procyclingstats.com/rider/jack-haig
122,https://www.procyclingstats.com/rider/yukiya-arashiro
123,https://www.procyclingstats.com/rider/phil-bauhaus
124,https://www.procyclingstats.com/rider/nikias-arndt
125,https://www.procyclingstats.com/rider/santiago-buitrago-sanchez
126,https://www.procyclingstats.com/rider/antonio-tiberi
127,https://www.procyclingstats.com/rider/jasha-sutterlin
128,https://www.procyclingstats.com/rider/alfred-wright
129,https://www.procyclingstats.com/rider/kamil-gradek
130,https://www.procyclingstats.com/rider/lukasz-wisniowski
131,https://www.procyclingstats.com/rider/torstein-traeen
132,https://www.procyclingstats.com/rider/edoardo-zambanini
133,https://www.procyclingstats.com/rider/dusan-rajovic
134,https://www.procyclingstats.com/rider/matevz-govekar
135,https://www.procyclingstats.com/rider/robert-stannard
136,https://www.procyclingstats.com/rider/rainer-kepplinger
137,https://www.procyclingstats.com/rider/fran-miholjevic
138,https://www.procyclingstats.com/rider/johan-price-pejtersen
139,https://www.procyclingstats.com/rider/nicolo-buratti
140,https://www.procyclingstats.com/rider/chih-hao-tu
141,https://www.procyclingstats.com/rider/cameron-scott
142,https://www.procyclingstats.com/rider/ahmed-madan
143,https://www.procyclingstats.com/rider/alberto-bruttomesso
144,https://www.procyclingstats.com/rider/daniel-skerl
145,https://www.procyclingstats.com/rider/primoz-roglic
146,https://www.procyclingstats.com/rider/danny-van-poppel
147,https://www.procyclingstats.com/rider/aleksandr-vlasov
148,https://www.procyclingstats.com/rider/bob-jungels
149,https://www.procyclingstats.com/rider/daniel-felipe-martinez
150,https://www.procyclingstats.com/rider/maximilian-schachmann
151,https://www.procyclingstats.com/rider/emanuel-buchmann
152,https://www.procyclingstats.com/rider/jai-hindley
153,https://www.procyclingstats.com/rider/sergio-higuita
154,https://www.procyclingstats.com/rider/jordi-meeus
155,https://www.procyclingstats.com/rider/lennard-kamna
156,https://www.procyclingstats.com/rider/marco-haller
157,https://www.procyclingstats.com/rider/giovanni-aleotti
158,https://www.procyclingstats.com/rider/roger-adria
159,https://www.procyclingstats.com/rider/nico-denz
160,https://www.procyclingstats.com/rider/matteo-sobrero
161,https://www.procyclingstats.com/rider/jonas-koch
162,https://www.procyclingstats.com/rider/sam-welsford
163,https://www.procyclingstats.com/rider/cesare-benedetti
164,https://www.procyclingstats.com/rider/ryan-mullen
165,https://www.procyclingstats.com/rider/florian-lipowitz
166,https://www.procyclingstats.com/rider/ben-zwiehoff
167,https://www.procyclingstats.com/rider/frederik-wandahl
168,https://www.procyclingstats.com/rider/patrick-gamper
169,https://www.procyclingstats.com/rider/filip-maciejuk
170,https://www.procyclingstats.com/rider/alexander-hajek
171,https://www.procyclingstats.com/rider/anton-palzer
172,https://www.procyclingstats.com/rider/emil-herzog
173,https://www.procyclingstats.com/rider/luis-joe-luhrs
174,https://www.procyclingstats.com/rider/ion-izagirre
175,https://www.procyclingstats.com/rider/bryan-coquard
176,https://www.procyclingstats.com/rider/guillaume-martin
177,https://www.procyclingstats.com/rider/ben-hermans
178,https://www.procyclingstats.com/rider/jesus-herrada-lopez
179,https://www.procyclingstats.com/rider/gorka-izagirre
180,https://www.procyclingstats.com/rider/simon-geschke
181,https://www.procyclingstats.com/rider/axel-zingle
182,https://www.procyclingstats.com/rider/kenny-elissonde
183,https://www.procyclingstats.com/rider/ruben-fernandez
184,https://www.procyclingstats.com/rider/benjamin-thomas-2
185,https://www.procyclingstats.com/rider/aime-de-gendt
186,https://www.procyclingstats.com/rider/piet-allegaert
187,https://www.procyclingstats.com/rider/alexis-gougeard
188,https://www.procyclingstats.com/rider/stanislaw-aniolkowski
189,https://www.procyclingstats.com/rider/jonathan-lastra
190,https://www.procyclingstats.com/rider/anthony-perez
191,https://www.procyclingstats.com/rider/stefano-oldani
192,https://www.procyclingstats.com/rider/christophe-noppe
193,https://www.procyclingstats.com/rider/milan-fretin
194,https://www.procyclingstats.com/rider/alexis-renard
195,https://www.procyclingstats.com/rider/ludovic-robeet
196,https://www.procyclingstats.com/rider/axel-mariault
197,https://www.procyclingstats.com/rider/eddy-fine
198,https://www.procyclingstats.com/rider/thomas-champion
199,https://www.procyclingstats.com/rider/harrison-wood
200,https://www.procyclingstats.com/rider/hugo-toumire
201,https://www.procyclingstats.com/rider/nicolas-debeaumarche
202,https://www.procyclingstats.com/rider/nolann-mahoudo
203,https://www.procyclingstats.com/rider/edvald-boasson-hagen
204,https://www.procyclingstats.com/rider/sam-bennett
205,https://www.procyclingstats.com/rider/oliver-naesen
206,https://www.procyclingstats.com/rider/ben-o-connor
207,https://www.procyclingstats.com/rider/benoit-cosnefroy
208,https://www.procyclingstats.com/rider/andrea-vendrame
209,https://www.procyclingstats.com/rider/aurelien-paret-peintre
210,https://www.procyclingstats.com/rider/dorian-godon
211,https://www.procyclingstats.com/rider/dries-de-bondt
212,https://www.procyclingstats.com/rider/felix-gall
213,https://www.procyclingstats.com/rider/stan-dewulf
214,https://www.procyclingstats.com/rider/nans-peters
215,https://www.procyclingstats.com/rider/lawrence-warbasse
216,https://www.procyclingstats.com/rider/victor-lafay
217,https://www.procyclingstats.com/rider/franck-bonnamour
218,https://www.procyclingstats.com/rider/geoffrey-bouchard
219,https://www.procyclingstats.com/rider/bruno-armirail
220,https://www.procyclingstats.com/rider/damien-touze
221,https://www.procyclingstats.com/rider/clement-berthet
222,https://www.procyclingstats.com/rider/paul-lapeira
223,https://www.procyclingstats.com/rider/valentin-paret-peintre
224,https://www.procyclingstats.com/rider/nicolas-prodhomme
225,https://www.procyclingstats.com/rider/pierre-gautherat
226,https://www.procyclingstats.com/rider/alex-baudin
227,https://www.procyclingstats.com/rider/jaakko-hanninen
228,https://www.procyclingstats.com/rider/bastien-tronchon
229,https://www.procyclingstats.com/rider/sander-de-pestel
230,https://www.procyclingstats.com/rider/valentin-retailleau
231,https://www.procyclingstats.com/rider/jordan-labrosse
232,https://www.procyclingstats.com/rider/rui-costa
233,https://www.procyclingstats.com/rider/rigoberto-uran
234,https://www.procyclingstats.com/rider/richard-carapaz
235,https://www.procyclingstats.com/rider/johan-esteban-chaves
236,https://www.procyclingstats.com/rider/michael-valgren-andersen
238,https://www.procyclingstats.com/rider/hugh-carthy
239,https://www.procyclingstats.com/rider/neilson-powless
240,https://www.procyclingstats.com/rider/andrey-amador
241,https://www.procyclingstats.com/rider/mikkel-honore
242,https://www.procyclingstats.com/rider/ben-healy
243,https://www.procyclingstats.com/rider/stefan-bissegger
244,https://www.procyclingstats.com/rider/marijn-van-den-berg
245,https://www.procyclingstats.com/rider/owain-doull
246,https://www.procyclingstats.com/rider/stefan-de-bod
247,https://www.procyclingstats.com/rider/jefferson-alexander-cepeda
248,https://www.procyclingstats.com/rider/simon-carr
249,https://www.procyclingstats.com/rider/james-shaw
250,https://www.procyclingstats.com/rider/jonas-rutsch
251,https://www.procyclingstats.com/rider/andrea-piccolo
252,https://www.procyclingstats.com/rider/georg-steinhauser
253,https://www.procyclingstats.com/rider/archie-ryan
254,https://www.procyclingstats.com/rider/harry-sweeny
255,https://www.procyclingstats.com/rider/sean-quinn
256,https://www.procyclingstats.com/rider/lukas-nerurkar
257,https://www.procyclingstats.com/rider/darren-rafferty
258,https://www.procyclingstats.com/rider/jack-rootkin-gray
259,https://www.procyclingstats.com/rider/jardi-christiaan-van-der-lee
260,https://www.procyclingstats.com/rider/edvin-lovidius
261,https://www.procyclingstats.com/rider/stefan-kung
262,https://www.procyclingstats.com/rider/david-gaudu
263,https://www.procyclingstats.com/rider/valentin-madouas
264,https://www.procyclingstats.com/rider/rudy-molard
265,https://www.procyclingstats.com/rider/marc-sarreau
266,https://www.procyclingstats.com/rider/quentin-pacher
267,https://www.procyclingstats.com/rider/ignatas-konovalovas
268,https://www.procyclingstats.com/rider/sven-erik-bystrom
269,https://www.procyclingstats.com/rider/romain-gregoire1
270,https://www.procyclingstats.com/rider/lenny-martinez
271,https://www.procyclingstats.com/rider/paul-penhoet
272,https://www.procyclingstats.com/rider/laurence-pithie
273,https://www.procyclingstats.com/rider/olivier-le-gac
274,https://www.procyclingstats.com/rider/kevin-geniets
275,https://www.procyclingstats.com/rider/fabian-lienhard
276,https://www.procyclingstats.com/rider/remy-rochas
277,https://www.procyclingstats.com/rider/clement-russo
278,https://www.procyclingstats.com/rider/lewis-askey
279,https://www.procyclingstats.com/rider/cyril-barthe
280,https://www.procyclingstats.com/rider/samuel-watson
281,https://www.procyclingstats.com/rider/matthew-walls
282,https://www.procyclingstats.com/rider/reuben-thompson
283,https://www.procyclingstats.com/rider/lars-van-den-berg
284,https://www.procyclingstats.com/rider/enzo-paleni
285,https://www.procyclingstats.com/rider/lorenzo-germani
286,https://www.procyclingstats.com/rider/clement-davy
287,https://www.procyclingstats.com/rider/thibaud-gruel
288,https://www.procyclingstats.com/rider/eddy-le-huitouze
290,https://www.procyclingstats.com/rider/bauke-mollema
291,https://www.procyclingstats.com/rider/mads-pedersen
292,https://www.procyclingstats.com/rider/jasper-stuyven
293,https://www.procyclingstats.com/rider/patrick-konrad
294,https://www.procyclingstats.com/rider/edward-theuns
295,https://www.procyclingstats.com/rider/fabio-felline
296,https://www.procyclingstats.com/rider/toms-skujins
297,https://www.procyclingstats.com/rider/giulio-ciccone
298,https://www.procyclingstats.com/rider/mattias-skjelmose-jensen
299,https://www.procyclingstats.com/rider/tao-geoghegan-hart
300,https://www.procyclingstats.com/rider/dario-cataldo
301,https://www.procyclingstats.com/rider/simone-consonni
302,https://www.procyclingstats.com/rider/sam-oomen
303,https://www.procyclingstats.com/rider/carlos-verona
304,https://www.procyclingstats.com/rider/ryan-gibbons
305,https://www.procyclingstats.com/rider/jonathan-milan
306,https://www.procyclingstats.com/rider/andrea-bagioli
307,https://www.procyclingstats.com/rider/alex-kirsch
308,https://www.procyclingstats.com/rider/natnael-tesfatsion
309,https://www.procyclingstats.com/rider/amanuel-ghebreigzabhier
310,https://www.procyclingstats.com/rider/tim-declercq
311,https://www.procyclingstats.com/rider/thibau-nys
312,https://www.procyclingstats.com/rider/mathias-vacek
313,https://www.procyclingstats.com/rider/juan-pedro-lopez
314,https://www.procyclingstats.com/rider/julien-bernard
315,https://www.procyclingstats.com/rider/jacopo-mosca
316,https://www.procyclingstats.com/rider/quinn-simmons
317,https://www.procyclingstats.com/rider/daan-hoole
318,https://www.procyclingstats.com/rider/otto-vergaerde
319,https://www.procyclingstats.com/rider/nairo-quintana
320,https://www.procyclingstats.com/rider/enric-mas
321,https://www.procyclingstats.com/rider/fernando-gaviria
322,https://www.procyclingstats.com/rider/davide-formolo
323,https://www.procyclingstats.com/rider/alex-aranburu
324,https://www.procyclingstats.com/rider/nelson-oliveira
325,https://www.procyclingstats.com/rider/davide-cimolai
326,https://www.procyclingstats.com/rider/ruben-guerreiro
327,https://www.procyclingstats.com/rider/ivan-garcia-cortina
328,https://www.procyclingstats.com/rider/remi-cavagna
329,https://www.procyclingstats.com/rider/ivan-ramiro-sosa
330,https://www.procyclingstats.com/rider/gregor-muhlberger
331,https://www.procyclingstats.com/rider/einer-rubio
332,https://www.procyclingstats.com/rider/gonzalo-serrano
333,https://www.procyclingstats.com/rider/antonio-pedrero
334,https://www.procyclingstats.com/rider/oier-lazkano
335,https://www.procyclingstats.com/rider/william-barta
336,https://www.procyclingstats.com/rider/pelayo-sanchez-mayo
337,https://www.procyclingstats.com/rider/mathias-norsgaard
338,https://www.procyclingstats.com/rider/carlos-canal
339,https://www.procyclingstats.com/rider/javier-romo
340,https://www.procyclingstats.com/rider/jorge-arcas
341,https://www.procyclingstats.com/rider/albert-torres
342,https://www.procyclingstats.com/rider/sergio-samitier
343,https://www.procyclingstats.com/rider/jon-barrenetxea-golzarri
344,https://www.procyclingstats.com/rider/johan-jacobs
345,https://www.procyclingstats.com/rider/ivan-romeo
346,https://www.procyclingstats.com/rider/lorenzo-milesi
347,https://www.procyclingstats.com/rider/vinicius-rangel-costa
348,https://www.procyclingstats.com/rider/julian-alaphilippe
349,https://www.procyclingstats.com/rider/remco-evenepoel
350,https://www.procyclingstats.com/rider/mikel-landa
351,https://www.procyclingstats.com/rider/yves-lampaert
352,https://www.procyclingstats.com/rider/tim-merlier
353,https://www.procyclingstats.com/rider/kasper-asgreen
354,https://www.procyclingstats.com/rider/gianni-moscon
355,https://www.procyclingstats.com/rider/mattia-cattaneo
356,https://www.procyclingstats.com/rider/fausto-masnada
357,https://www.procyclingstats.com/rider/jan-hirt
358,https://www.procyclingstats.com/rider/pieter-serry
359,https://www.procyclingstats.com/rider/ilan-van-wilder
360,https://www.procyclingstats.com/rider/mauri-vansevenant
361,https://www.procyclingstats.com/rider/josef-cerny
362,https://www.procyclingstats.com/rider/james-knox
363,https://www.procyclingstats.com/rider/bert-van-lerberghe
364,https://www.procyclingstats.com/rider/casper-pedersen
365,https://www.procyclingstats.com/rider/louis-vervaeke
366,https://www.procyclingstats.com/rider/luke-lamperti
367,https://www.procyclingstats.com/rider/jordi-warlop
368,https://www.procyclingstats.com/rider/paul-magnier
369,https://www.procyclingstats.com/rider/william-junior-lecerf
370,https://www.procyclingstats.com/rider/gil-gelders
371,https://www.procyclingstats.com/rider/antoine-huby
372,https://www.procyclingstats.com/rider/martin-svrcek
373,https://www.procyclingstats.com/rider/warre-vangheluwe
374,https://www.procyclingstats.com/rider/pepijn-reinderink
375,https://www.procyclingstats.com/rider/ayco-bastiaens
377,https://www.procyclingstats.com/rider/romain-bardet
378,https://www.procyclingstats.com/rider/john-degenkolb
379,https://www.procyclingstats.com/rider/warren-barguil
380,https://www.procyclingstats.com/rider/fabio-jakobsen
381,https://www.procyclingstats.com/rider/patrick-bevin
382,https://www.procyclingstats.com/rider/timo-roosen
383,https://www.procyclingstats.com/rider/emils-liepins
384,https://www.procyclingstats.com/rider/chris-hamilton
385,https://www.procyclingstats.com/rider/oscar-onley
386,https://www.procyclingstats.com/rider/bram-welten
387,https://www.procyclingstats.com/rider/kevin-vermaerke
388,https://www.procyclingstats.com/rider/nils-eekhoff
389,https://www.procyclingstats.com/rider/max-poole
390,https://www.procyclingstats.com/rider/romain-combaud
391,https://www.procyclingstats.com/rider/martijn-tusveld
392,https://www.procyclingstats.com/rider/alexander-edmondson
393,https://www.procyclingstats.com/rider/casper-van-uden
394,https://www.procyclingstats.com/rider/tobias-lund-andresen
395,https://www.procyclingstats.com/rider/pavel-bittner
396,https://www.procyclingstats.com/rider/frank-van-den-broek
397,https://www.procyclingstats.com/rider/julius-van-den-berg
398,https://www.procyclingstats.com/rider/gijs-leemreize
399,https://www.procyclingstats.com/rider/matthew-dinham
400,https://www.procyclingstats.com/rider/sean-flynn
401,https://www.procyclingstats.com/rider/niklas-markl
402,https://www.procyclingstats.com/rider/enzo-leijnse
403,https://www.procyclingstats.com/rider/tim-naberman
404,https://www.procyclingstats.com/rider/patrick-eddy
405,https://www.procyclingstats.com/rider/bjoern-koerdt
406,https://www.procyclingstats.com/rider/michael-matthews
407,https://www.procyclingstats.com/rider/simon-yates
408,https://www.procyclingstats.com/rider/dylan-groenewegen
409,https://www.procyclingstats.com/rider/caleb-ewan
410,https://www.procyclingstats.com/rider/luka-mezgec
411,https://www.procyclingstats.com/rider/luke-durbridge
412,https://www.procyclingstats.com/rider/max-walscheid
413,https://www.procyclingstats.com/rider/alessandro-de-marchi
414,https://www.procyclingstats.com/rider/edward-irl-dunbar
415,https://www.procyclingstats.com/rider/christopher-juul-jensen
416,https://www.procyclingstats.com/rider/lucas-hamilton
417,https://www.procyclingstats.com/rider/mauro-schmid
418,https://www.procyclingstats.com/rider/filippo-zana
419,https://www.procyclingstats.com/rider/chris-harper
420,https://www.procyclingstats.com/rider/lawson-craddock
421,https://www.procyclingstats.com/rider/amund-grondahl-jansen
422,https://www.procyclingstats.com/rider/michael-hepburn
423,https://www.procyclingstats.com/rider/luke-plapp
424,https://www.procyclingstats.com/rider/elmar-reinders
425,https://www.procyclingstats.com/rider/felix-engelhardt
426,https://www.procyclingstats.com/rider/callum-scotson
427,https://www.procyclingstats.com/rider/anders-foldager
428,https://www.procyclingstats.com/rider/davide-de-pretto
429,https://www.procyclingstats.com/rider/jesus-david-pena-jimenez
430,https://www.procyclingstats.com/rider/kelland-brien
431,https://www.procyclingstats.com/rider/jan-maas
432,https://www.procyclingstats.com/rider/campbell-stewart
433,https://www.procyclingstats.com/rider/welay-hagos-berhe
434,https://www.procyclingstats.com/rider/blake-quick
435,https://www.procyclingstats.com/rider/wout-van-aert
436,https://www.procyclingstats.com/rider/robert-gesink
437,https://www.procyclingstats.com/rider/wilco-kelderman
438,https://www.procyclingstats.com/rider/jonas-vingegaard
439,https://www.procyclingstats.com/rider/tiesj-benoot
440,https://www.procyclingstats.com/rider/christophe-laporte
441,https://www.procyclingstats.com/rider/steven-kruijswijk
442,https://www.procyclingstats.com/rider/dylan-van-baarle
443,https://www.procyclingstats.com/rider/sepp-kuss
444,https://www.procyclingstats.com/rider/olav-kooij
445,https://www.procyclingstats.com/rider/matteo-jorgenson
446,https://www.procyclingstats.com/rider/jan-tratnik
447,https://www.procyclingstats.com/rider/tosh-van-der-sande
448,https://www.procyclingstats.com/rider/attila-valter
449,https://www.procyclingstats.com/rider/koen-bouwman
450,https://www.procyclingstats.com/rider/julien-vermote
451,https://www.procyclingstats.com/rider/edoardo-affini
452,https://www.procyclingstats.com/rider/ben-tulett
453,https://www.procyclingstats.com/rider/cian-uijtdebroeks
454,https://www.procyclingstats.com/rider/per-strand-hagenes
455,https://www.procyclingstats.com/rider/bart-lemmen
456,https://www.procyclingstats.com/rider/mick-van-dijke
457,https://www.procyclingstats.com/rider/tim-van-dijke
458,https://www.procyclingstats.com/rider/milan-vader
459,https://www.procyclingstats.com/rider/johannes-staune-mittet
460,https://www.procyclingstats.com/rider/thomas-gloag
461,https://www.procyclingstats.com/rider/michel-hessmann
462,https://www.procyclingstats.com/rider/loe-van-belle
464,https://www.procyclingstats.com/rider/tadej-pogacar
465,https://www.procyclingstats.com/rider/diego-ulissi
466,https://www.procyclingstats.com/rider/adam-yates
467,https://www.procyclingstats.com/rider/rafal-majka
468,https://www.procyclingstats.com/rider/tim-wellens
469,https://www.procyclingstats.com/rider/marc-hirschi
470,https://www.procyclingstats.com/rider/joao-almeida
471,https://www.procyclingstats.com/rider/brandon-mcnulty
472,https://www.procyclingstats.com/rider/marc-soler
473,https://www.procyclingstats.com/rider/felix-grossschartner
474,https://www.procyclingstats.com/rider/pavel-sivakov
475,https://www.procyclingstats.com/rider/nils-politt
476,https://www.procyclingstats.com/rider/juan-ayuso-pesquera
477,https://www.procyclingstats.com/rider/juan-sebastian-molano
478,https://www.procyclingstats.com/rider/mikkel-bjerg
479,https://www.procyclingstats.com/rider/jay-vine
480,https://www.procyclingstats.com/rider/alvaro-jose-hodeg
481,https://www.procyclingstats.com/rider/vegard-stake-laengen
482,https://www.procyclingstats.com/rider/alessandro-covi
483,https://www.procyclingstats.com/rider/isaac-del-toro
484,https://www.procyclingstats.com/rider/rui-oliveira
485,https://www.procyclingstats.com/rider/finn-fisher-black
486,https://www.procyclingstats.com/rider/sjoerd-bax
487,https://www.procyclingstats.com/rider/filippo-baroncini
488,https://www.procyclingstats.com/rider/domen-novak
489,https://www.procyclingstats.com/rider/jan-christen
490,https://www.procyclingstats.com/rider/antonio-morgado
491,https://www.procyclingstats.com/rider/ivo-emanuel-alves
492,https://www.procyclingstats.com/rider/michael-vink
493,https://www.procyclingstats.com/rider/rein-taaramae
494,https://www.procyclingstats.com/rider/louis-meintjes
495,https://www.procyclingstats.com/rider/mike-teunissen
496,https://www.procyclingstats.com/rider/biniam-girmay
497,https://www.procyclingstats.com/rider/baptiste-planckaert
498,https://www.procyclingstats.com/rider/lilian-calmejane
499,https://www.procyclingstats.com/rider/lorenzo-rota
500,https://www.procyclingstats.com/rider/adrien-petit
501,https://www.procyclingstats.com/rider/dion-smith
502,https://www.procyclingstats.com/rider/gerben-thijssen
503,https://www.procyclingstats.com/rider/taco-van-der-hoorn
504,https://www.procyclingstats.com/rider/boy-van-poppel
505,https://www.procyclingstats.com/rider/georg-zimmermann
506,https://www.procyclingstats.com/rider/simone-petilli
507,https://www.procyclingstats.com/rider/arne-marit
508,https://www.procyclingstats.com/rider/hugo-page
509,https://www.procyclingstats.com/rider/gijs-van-hoecke
510,https://www.procyclingstats.com/rider/rune-herregodts
511,https://www.procyclingstats.com/rider/kobe-goossens
512,https://www.procyclingstats.com/rider/madis-mihkels
513,https://www.procyclingstats.com/rider/laurenz-rex
514,https://www.procyclingstats.com/rider/vito-braet
515,https://www.procyclingstats.com/rider/francesco-busatto
516,https://www.procyclingstats.com/rider/kevin-colleoni
517,https://www.procyclingstats.com/rider/tom-paquot
518,https://www.procyclingstats.com/rider/roel-van-sintmaartensdijk
519,https://www.procyclingstats.com/rider/dries-de-pooter
520,https://www.procyclingstats.com/rider/alexy-faure-prost
521,https://www.procyclingstats.com/rider/halvor-dolven
551,https://www.procyclingstats.com/rider/loic-vliegen
552,https://www.procyclingstats.com/rider/marco-tizza
553,https://www.procyclingstats.com/rider/floris-de-tier
554,https://www.procyclingstats.com/rider/kenneth-van-rooy
555,https://www.procyclingstats.com/rider/lennert-teugels
556,https://www.procyclingstats.com/rider/dimitri-peyskens
557,https://www.procyclingstats.com/rider/sasha-weemaes
558,https://www.procyclingstats.com/rider/luca-van-boven
559,https://www.procyclingstats.com/rider/ceriel-desal
560,https://www.procyclingstats.com/rider/davide-persico
561,https://www.procyclingstats.com/rider/alexander-salby
562,https://www.procyclingstats.com/rider/julian-mertens
563,https://www.procyclingstats.com/rider/louis-blouwe
564,https://www.procyclingstats.com/rider/johan-meens
565,https://www.procyclingstats.com/rider/nathan-vandepitte
566,https://www.procyclingstats.com/rider/giacomo-villa
567,https://www.procyclingstats.com/rider/luca-de-meester
568,https://www.procyclingstats.com/rider/jelle-vermoote
569,https://www.procyclingstats.com/rider/aaron-van-der-beken
570,https://www.procyclingstats.com/rider/louka-matthys
571,https://www.procyclingstats.com/rider/tom-portsmouth
572,https://www.procyclingstats.com/rider/axandre-van-petegem
580,https://www.procyclingstats.com/rider/aaron-gate
581,https://www.procyclingstats.com/rider/jambaljamts-sainbayar
582,https://www.procyclingstats.com/rider/jetse-bol
583,https://www.procyclingstats.com/rider/jose-manuel-diaz-gallego
584,https://www.procyclingstats.com/rider/eric-antonio-fagundez
585,https://www.procyclingstats.com/rider/georgios-bouglas
586,https://www.procyclingstats.com/rider/jesus-ezquerra-muela
587,https://www.procyclingstats.com/rider/george-jackson
588,https://www.procyclingstats.com/rider/victor-langellotti
589,https://www.procyclingstats.com/rider/mario-aparicio-munoz
590,https://www.procyclingstats.com/rider/ander-okamika
591,https://www.procyclingstats.com/rider/antonio-angulo
592,https://www.procyclingstats.com/rider/sergio-geovani-chumil-gonzalez
593,https://www.procyclingstats.com/rider/paniego-fuentes
594,https://www.procyclingstats.com/rider/oscar-pelegri
595,https://www.procyclingstats.com/rider/karel-vacek
596,https://www.procyclingstats.com/rider/clement-alleno
597,https://www.procyclingstats.com/rider/sebastian-mora-vedri
598,https://www.procyclingstats.com/rider/rodrigo-alvarez
599,https://www.procyclingstats.com/rider/alejandro-franco-gonzalez
600,https://www.procyclingstats.com/rider/sinuhe-fernandez-rodriguez
601,https://www.procyclingstats.com/rider/david-delgado
602,https://www.procyclingstats.com/rider/francesc-bennassar
603,https://www.procyclingstats.com/rider/marc-cabedo
604,https://www.procyclingstats.com/rider/martin-rey-vazquez
609,https://www.procyclingstats.com/rider/eduard-prades
610,https://www.procyclingstats.com/rider/orluis-aular
611,https://www.procyclingstats.com/rider/jefferson-cepeda-hernandez
612,https://www.procyclingstats.com/rider/fernando-barcelo
613,https://www.procyclingstats.com/rider/sebastian-berwick
614,https://www.procyclingstats.com/rider/michal-schlegel
615,https://www.procyclingstats.com/rider/guillermo-thomas-silva-coussan
616,https://www.procyclingstats.com/rider/joel-nicolau
617,https://www.procyclingstats.com/rider/iuri-leitao
618,https://www.procyclingstats.com/rider/daniel-babor
619,https://www.procyclingstats.com/rider/david-gonzalez-lopez
620,https://www.procyclingstats.com/rider/mulu-kinfe-hailemichael
621,https://www.procyclingstats.com/rider/jokin-murguialday-elorza
622,https://www.procyclingstats.com/rider/tomas-barta
623,https://www.procyclingstats.com/rider/abel-balderstone-roumens
624,https://www.procyclingstats.com/rider/jaume-guardeno
625,https://www.procyclingstats.com/rider/joseba-lopez-cuesta
626,https://www.procyclingstats.com/rider/gorka-sorarrain
627,https://www.procyclingstats.com/rider/calum-johnston
628,https://www.procyclingstats.com/rider/samuel-fernandez-garcia
629,https://www.procyclingstats.com/rider/josu-etxeberria-azpilikueta
630,https://www.procyclingstats.com/rider/julen-arriola-bengoa-beitia
631,https://www.procyclingstats.com/rider/alex-diaz-alvarez
632,https://www.procyclingstats.com/rider/javier-ibanez-beltran-de-salazar
638,https://www.procyclingstats.com/rider/pablo-castrillo-zapater
639,https://www.procyclingstats.com/rider/urko-berrade-fernandez
640,https://www.procyclingstats.com/rider/jose-felix-parra
641,https://www.procyclingstats.com/rider/pau-miquel-delgado
642,https://www.procyclingstats.com/rider/francisco-galvan
643,https://www.procyclingstats.com/rider/antonio-soto
644,https://www.procyclingstats.com/rider/jordi-lopez-caravaca
645,https://www.procyclingstats.com/rider/jon-agirre
646,https://www.procyclingstats.com/rider/miguel-angel-fernandez-ruiz
647,https://www.procyclingstats.com/rider/alex-jaime-fernandez
648,https://www.procyclingstats.com/rider/marti-marquez
649,https://www.procyclingstats.com/rider/unai-iribar-jauregi
650,https://www.procyclingstats.com/rider/inigo-elosegui
651,https://www.procyclingstats.com/rider/ivan-cobo-cayon
652,https://www.procyclingstats.com/rider/ibon-ruiz
653,https://www.procyclingstats.com/rider/marc-brustenga-masague
654,https://www.procyclingstats.com/rider/jorge-gutierrez-gonzalez
655,https://www.procyclingstats.com/rider/carlos-garcia-pierna
656,https://www.procyclingstats.com/rider/mikel-retegi
657,https://www.procyclingstats.com/rider/haimar-etxeberria
658,https://www.procyclingstats.com/rider/diego-uriarte-belzunegi
659,https://www.procyclingstats.com/rider/danny-van-der-tuuk
660,https://www.procyclingstats.com/rider/hugo-aznar
661,https://www.procyclingstats.com/rider/eugenio-sanchez
662,https://www.procyclingstats.com/rider/ibai-azanza
663,https://www.procyclingstats.com/rider/unai-aznar-vijuesca
664,https://www.procyclingstats.com/rider/pablo-carrascosa
667,https://www.procyclingstats.com/rider/jon-aberasturi
668,https://www.procyclingstats.com/rider/luis-angel-mate
669,https://www.procyclingstats.com/rider/victor-de-la-parte
670,https://www.procyclingstats.com/rider/mikel-bizkarra
671,https://www.procyclingstats.com/rider/gotzon-martin
672,https://www.procyclingstats.com/rider/mikel-iturria
673,https://www.procyclingstats.com/rider/joan-bou
674,https://www.procyclingstats.com/rider/james-fouche
675,https://www.procyclingstats.com/rider/txomin-juaristi
676,https://www.procyclingstats.com/rider/sanchez-canellas
677,https://www.procyclingstats.com/rider/xabier-berasategi-garmendia
678,https://www.procyclingstats.com/rider/unai-cuadrado
679,https://www.procyclingstats.com/rider/andoni-lopez-de-abetxuko-jimenez
680,https://www.procyclingstats.com/rider/ibai-azurmendi-sagastibel
681,https://www.procyclingstats.com/rider/xabier-isasa-larranaga
682,https://www.procyclingstats.com/rider/enekoitz-azparren-irurzun
683,https://www.procyclingstats.com/rider/asier-etxeberria
684,https://www.procyclingstats.com/rider/iker-mintegi-claver
685,https://www.procyclingstats.com/rider/iker-bonillo-martin
686,https://www.procyclingstats.com/rider/ander-ganzabal-bilbao
687,https://www.procyclingstats.com/rider/unai-zubeldia
688,https://www.procyclingstats.com/rider/nicolas-alustiza
696,https://www.procyclingstats.com/rider/christopher-froome
697,https://www.procyclingstats.com/rider/jakob-fuglsang
698,https://www.procyclingstats.com/rider/michael-woods
699,https://www.procyclingstats.com/rider/pascal-ackermann
700,https://www.procyclingstats.com/rider/dylan-teuns
701,https://www.procyclingstats.com/rider/george-bennett
702,https://www.procyclingstats.com/rider/simon-clarke
703,https://www.procyclingstats.com/rider/tom-van-asbroeck
704,https://www.procyclingstats.com/rider/hugo-hofstetter
705,https://www.procyclingstats.com/rider/hugo-houle
706,https://www.procyclingstats.com/rider/guillaume-boivin
707,https://www.procyclingstats.com/rider/corbin-strong
708,https://www.procyclingstats.com/rider/krists-neilands
709,https://www.procyclingstats.com/rider/stephen-williams
710,https://www.procyclingstats.com/rider/nick-schultz
711,https://www.procyclingstats.com/rider/rick-zabel
712,https://www.procyclingstats.com/rider/mads-wurtz-schmidt
713,https://www.procyclingstats.com/rider/derek-gee
714,https://www.procyclingstats.com/rider/jake-stewart
715,https://www.procyclingstats.com/rider/ethan-vernon
716,https://www.procyclingstats.com/rider/itamar-einhorn
717,https://www.procyclingstats.com/rider/michael-schwarzmann
718,https://www.procyclingstats.com/rider/joseph-blackmore
719,https://www.procyclingstats.com/rider/riley-sheehan
720,https://www.procyclingstats.com/rider/matthew-riccitello
721,https://www.procyclingstats.com/rider/marco-frigo
722,https://www.procyclingstats.com/rider/oded-kogut
723,https://www.procyclingstats.com/rider/guy-sagiv
724,https://www.procyclingstats.com/rider/mason-hollyman
725,https://www.procyclingstats.com/rider/arnaud-de-lie
726,https://www.procyclingstats.com/rider/thomas-de-gendt
727,https://www.procyclingstats.com/rider/victor-campenaerts
728,https://www.procyclingstats.com/rider/jasper-de-buyst
729,https://www.procyclingstats.com/rider/eduardo-sepulveda
730,https://www.procyclingstats.com/rider/maxim-van-gils
731,https://www.procyclingstats.com/rider/milan-menten
732,https://www.procyclingstats.com/rider/andreas-kron
733,https://www.procyclingstats.com/rider/florian-vermeersch
734,https://www.procyclingstats.com/rider/jacopo-guarnieri
735,https://www.procyclingstats.com/rider/pascal-eenkhoorn
736,https://www.procyclingstats.com/rider/lionel-taminiaux
737,https://www.procyclingstats.com/rider/harm-vanhoucke
738,https://www.procyclingstats.com/rider/lennert-van-eetvelt
739,https://www.procyclingstats.com/rider/brent-van-moer
740,https://www.procyclingstats.com/rider/sylvain-moniquet
741,https://www.procyclingstats.com/rider/jenno-berckmoes
742,https://www.procyclingstats.com/rider/alec-segaert
743,https://www.procyclingstats.com/rider/cedric-beullens
744,https://www.procyclingstats.com/rider/jonas-gregaard
745,https://www.procyclingstats.com/rider/arjen-livyns
746,https://www.procyclingstats.com/rider/jarne-van-de-paar
747,https://www.procyclingstats.com/rider/mathijs-paasschens
748,https://www.procyclingstats.com/rider/logan-currie
749,https://www.procyclingstats.com/rider/liam-slock
750,https://www.procyclingstats.com/rider/sebastien-grignard
751,https://www.procyclingstats.com/rider/henri-vandenabeele
752,https://www.procyclingstats.com/rider/jarrad-drizners
753,https://www.procyclingstats.com/rider/johannes-adamietz
754,https://www.procyclingstats.com/rider/giacomo-nizzolo
755,https://www.procyclingstats.com/rider/gianluca-brambilla
756,https://www.procyclingstats.com/rider/david-de-la-cruz
757,https://www.procyclingstats.com/rider/damien-howson
758,https://www.procyclingstats.com/rider/matteo-moschetti
759,https://www.procyclingstats.com/rider/joey-rosskopf
760,https://www.procyclingstats.com/rider/tobias-ludvigsson
761,https://www.procyclingstats.com/rider/carl-fredrik-hagen
762,https://www.procyclingstats.com/rider/jannik-steimle
763,https://www.procyclingstats.com/rider/tom-devriendt
764,https://www.procyclingstats.com/rider/matteo-badilatti
765,https://www.procyclingstats.com/rider/mark-donovan
766,https://www.procyclingstats.com/rider/rory-townsend
767,https://www.procyclingstats.com/rider/frederik-frison
768,https://www.procyclingstats.com/rider/szymon-sajnok
769,https://www.procyclingstats.com/rider/kamil-malecki
770,https://www.procyclingstats.com/rider/fabio-christen
771,https://www.procyclingstats.com/rider/nickolas-zukowsky
772,https://www.procyclingstats.com/rider/cyrus-monk
773,https://www.procyclingstats.com/rider/walter-calzoni
774,https://www.procyclingstats.com/rider/jelte-krijnsen
775,https://www.procyclingstats.com/rider/james-whelan
776,https://www.procyclingstats.com/rider/nicolo-parisini
777,https://www.procyclingstats.com/rider/xabier-mikel-azparren-irurzun
778,https://www.procyclingstats.com/rider/filippo-conca
779,https://www.procyclingstats.com/rider/alessandro-fancellu
780,https://www.procyclingstats.com/rider/negasi-abreha
781,https://www.procyclingstats.com/rider/marcel-camprubi
782,https://www.procyclingstats.com/rider/filippo-colombo1
783,https://www.procyclingstats.com/rider/adam-toupalik
784,https://www.procyclingstats.com/rider/martijn-budding
785,https://www.procyclingstats.com/rider/andreas-stokbro
786,https://www.procyclingstats.com/rider/hartthijs-de-vries
787,https://www.procyclingstats.com/rider/joren-bloem2
788,https://www.procyclingstats.com/rider/lander-loockx
789,https://www.procyclingstats.com/rider/davide-bomboi
790,https://www.procyclingstats.com/rider/tomas-kopecky
791,https://www.procyclingstats.com/rider/nicklas-amdi-pedersen
792,https://www.procyclingstats.com/rider/jordy-bouts
793,https://www.procyclingstats.com/rider/cedrik-bakke-christophersen
794,https://www.procyclingstats.com/rider/axel-huens
795,https://www.procyclingstats.com/rider/kevin-inkelaar
796,https://www.procyclingstats.com/rider/adrien-maire
797,https://www.procyclingstats.com/rider/jelle-johannink
798,https://www.procyclingstats.com/rider/zeb-kyffin
799,https://www.procyclingstats.com/rider/abram-stockman
800,https://www.procyclingstats.com/rider/sebastian-nielsen
801,https://www.procyclingstats.com/rider/owen-geleijn
802,https://www.procyclingstats.com/rider/charles-paige
803,https://www.procyclingstats.com/rider/baptiste-huyet
812,https://www.procyclingstats.com/rider/niccolo-bonifazio
813,https://www.procyclingstats.com/rider/kristian-sbaragli
814,https://www.procyclingstats.com/rider/jakub-mareczko
815,https://www.procyclingstats.com/rider/valerio-conti
816,https://www.procyclingstats.com/rider/mark-padun
817,https://www.procyclingstats.com/rider/mark-stewart
818,https://www.procyclingstats.com/rider/attilio-viviani
819,https://www.procyclingstats.com/rider/etienne-van-empel
820,https://www.procyclingstats.com/rider/davide-baldaccini
821,https://www.procyclingstats.com/rider/alexandre-balmer
822,https://www.procyclingstats.com/rider/lorenzo-quartucci
823,https://www.procyclingstats.com/rider/andrii-ponomar
824,https://www.procyclingstats.com/rider/marco-murgano
825,https://www.procyclingstats.com/rider/kyrylo-tsarenko
826,https://www.procyclingstats.com/rider/alessandro-monaco
827,https://www.procyclingstats.com/rider/roberto-gonzalez
828,https://www.procyclingstats.com/rider/samuele-zambelli
829,https://www.procyclingstats.com/rider/alessandro-iacchi
830,https://www.procyclingstats.com/rider/valentin-darbellay
831,https://www.procyclingstats.com/rider/antoine-debons
832,https://www.procyclingstats.com/rider/jan-stockli
833,https://www.procyclingstats.com/rider/carlos-samudio
834,https://www.procyclingstats.com/rider/giulio-masotto
835,https://www.procyclingstats.com/rider/matteo-amella
836,https://www.procyclingstats.com/rider/noah-bogli
837,https://www.procyclingstats.com/rider/francesco-parravano
838,https://www.procyclingstats.com/rider/simone-olivero
839,https://www.procyclingstats.com/rider/arnaud-tissieres
841,https://www.procyclingstats.com/rider/kamiel-bonneu
842,https://www.procyclingstats.com/rider/aaron-van-poucke
843,https://www.procyclingstats.com/rider/jules-hesters
844,https://www.procyclingstats.com/rider/lindsay-de-vylder
845,https://www.procyclingstats.com/rider/ward-vanhoof
846,https://www.procyclingstats.com/rider/lars-craps
847,https://www.procyclingstats.com/rider/alex-colman
848,https://www.procyclingstats.com/rider/gilles-de-wilde
849,https://www.procyclingstats.com/rider/elias-maris
850,https://www.procyclingstats.com/rider/dylan-vandenstorme
851,https://www.procyclingstats.com/rider/vincent-van-hemelen
852,https://www.procyclingstats.com/rider/yentl-vandevelde
853,https://www.procyclingstats.com/rider/toon-clynhens
854,https://www.procyclingstats.com/rider/victor-vercouillie
855,https://www.procyclingstats.com/rider/jasper-dejaegher
856,https://www.procyclingstats.com/rider/siebe-deweirdt
857,https://www.procyclingstats.com/rider/tuur-dens
858,https://www.procyclingstats.com/rider/noah-vandenbranden
859,https://www.procyclingstats.com/rider/arno-claeys
860,https://www.procyclingstats.com/rider/vince-gerits
870,https://www.procyclingstats.com/rider/peter-kusztor
871,https://www.procyclingstats.com/rider/andrea-peron
872,https://www.procyclingstats.com/rider/david-lozano
873,https://www.procyclingstats.com/rider/matyas-kopecky
874,https://www.procyclingstats.com/rider/charles-planet
875,https://www.procyclingstats.com/rider/sam-brand
876,https://www.procyclingstats.com/rider/umberto-poli
877,https://www.procyclingstats.com/rider/filippo-ridolfo
878,https://www.procyclingstats.com/rider/hamish-beadle
879,https://www.procyclingstats.com/rider/stephen-clancy
880,https://www.procyclingstats.com/rider/declan-irvine
881,https://www.procyclingstats.com/rider/alessandro-perracchione
882,https://www.procyclingstats.com/rider/jan-dunnewind
883,https://www.procyclingstats.com/rider/lucas-dauge
884,https://www.procyclingstats.com/rider/quinten-de-graeve
885,https://www.procyclingstats.com/rider/gerd-de-keijzer
886,https://www.procyclingstats.com/rider/doriand-percrule
887,https://www.procyclingstats.com/rider/logan-phippen
888,https://www.procyclingstats.com/rider/antonio-polga
889,https://www.procyclingstats.com/rider/nathan-smith
899,https://www.procyclingstats.com/rider/jhonatan-restrepo
900,https://www.procyclingstats.com/rider/matteo-fabbro
901,https://www.procyclingstats.com/rider/giovanni-lonardi
902,https://www.procyclingstats.com/rider/mirco-maestri
903,https://www.procyclingstats.com/rider/davide-piganzoli
904,https://www.procyclingstats.com/rider/paul-double
905,https://www.procyclingstats.com/rider/mattia-bais
906,https://www.procyclingstats.com/rider/manuel-penalver
907,https://www.procyclingstats.com/rider/davide-bais
908,https://www.procyclingstats.com/rider/erik-fetter
909,https://www.procyclingstats.com/rider/andrea-garosio
910,https://www.procyclingstats.com/rider/davide-de-cassan
911,https://www.procyclingstats.com/rider/diego-pablo-sevilla
912,https://www.procyclingstats.com/rider/alex-martin-gutierrez
913,https://www.procyclingstats.com/rider/david-martin-romero
914,https://www.procyclingstats.com/rider/german-dario-gomez
915,https://www.procyclingstats.com/rider/javier-serrano
916,https://www.procyclingstats.com/rider/andrea-pietrobon
917,https://www.procyclingstats.com/rider/fernando-tercero-lopez
918,https://www.procyclingstats.com/rider/francisco-munoz-llana
919,https://www.procyclingstats.com/rider/aidan-buttigieg
920,https://www.procyclingstats.com/rider/luca-bagnara
921,https://www.procyclingstats.com/rider/gabriele-raccagni
928,https://www.procyclingstats.com/rider/julien-simon
929,https://www.procyclingstats.com/rider/pierre-latour
930,https://www.procyclingstats.com/rider/alexis-vuillermoz
931,https://www.procyclingstats.com/rider/anthony-turgis
932,https://www.procyclingstats.com/rider/dries-van-gestel
933,https://www.procyclingstats.com/rider/lorrenzo-manzin
934,https://www.procyclingstats.com/rider/mathieu-burgaudeau
935,https://www.procyclingstats.com/rider/steff-cras
936,https://www.procyclingstats.com/rider/jason-tesson
937,https://www.procyclingstats.com/rider/geoffrey-soupe
938,https://www.procyclingstats.com/rider/sandy-dujardin
939,https://www.procyclingstats.com/rider/valentin-ferron
940,https://www.procyclingstats.com/rider/emilien-jeanniere
941,https://www.procyclingstats.com/rider/jordan-jegat
942,https://www.procyclingstats.com/rider/fabien-doubey
943,https://www.procyclingstats.com/rider/fabien-grellier
944,https://www.procyclingstats.com/rider/paul-ourselin
945,https://www.procyclingstats.com/rider/thomas-gachignard
946,https://www.procyclingstats.com/rider/matheo-vercher
947,https://www.procyclingstats.com/rider/thomas-bonnet
948,https://www.procyclingstats.com/rider/alan-jousseaume
949,https://www.procyclingstats.com/rider/lucas-boniface
950,https://www.procyclingstats.com/rider/baptiste-vadic
951,https://www.procyclingstats.com/rider/rayan-boulahoite
952,https://www.procyclingstats.com/rider/nicola-marcerou
953,https://www.procyclingstats.com/rider/clement-sanchez
957,https://www.procyclingstats.com/rider/matteo-trentin
958,https://www.procyclingstats.com/rider/sebastien-reichenbach
959,https://www.procyclingstats.com/rider/michael-storer
960,https://www.procyclingstats.com/rider/arvid-de-kleijn
961,https://www.procyclingstats.com/rider/alberto-dainese
962,https://www.procyclingstats.com/rider/alexander-kamp
963,https://www.procyclingstats.com/rider/alexander-krieger
964,https://www.procyclingstats.com/rider/tom-bohli
965,https://www.procyclingstats.com/rider/simon-pellaud
966,https://www.procyclingstats.com/rider/yannis-voisard
967,https://www.procyclingstats.com/rider/lucas-eriksson
968,https://www.procyclingstats.com/rider/marius-mayrhofer
969,https://www.procyclingstats.com/rider/roland-thalmann
970,https://www.procyclingstats.com/rider/marco-brenner
971,https://www.procyclingstats.com/rider/rick-pluimers
972,https://www.procyclingstats.com/rider/maikel-zijlaard
973,https://www.procyclingstats.com/rider/florian-stork
974,https://www.procyclingstats.com/rider/luc-wirtgen
975,https://www.procyclingstats.com/rider/joel-suter
976,https://www.procyclingstats.com/rider/robin-froidevaux
977,https://www.procyclingstats.com/rider/arthur-kluckers
978,https://www.procyclingstats.com/rider/jacob-eriksson
979,https://www.procyclingstats.com/rider/petr-kelemen
980,https://www.procyclingstats.com/rider/mika-heming
981,https://www.procyclingstats.com/rider/mathys-rondel
982,https://www.procyclingstats.com/rider/hannes-wilksch
983,https://www.procyclingstats.com/rider/sebastian-kolze-changizi
984,https://www.procyclingstats.com/rider/nils-brun
985,https://www.procyclingstats.com/rider/alois-charrin
986,https://www.procyclingstats.com/rider/alexander-kristoff
987,https://www.procyclingstats.com/rider/magnus-cort-nielsen
988,https://www.procyclingstats.com/rider/odd-christian-eiking
989,https://www.procyclingstats.com/rider/rasmus-tiller
990,https://www.procyclingstats.com/rider/tobias-halland-johannessen
991,https://www.procyclingstats.com/rider/soren-waerenskjold
992,https://www.procyclingstats.com/rider/markus-hoelgaard
993,https://www.procyclingstats.com/rider/andreas-leknessund
994,https://www.procyclingstats.com/rider/jonas-abrahamsen
995,https://www.procyclingstats.com/rider/fredrik-dversnes
996,https://www.procyclingstats.com/rider/anders-skaarseth
997,https://www.procyclingstats.com/rider/niklas-larsen
998,https://www.procyclingstats.com/rider/rasmus-bogh-wallin
999,https://www.procyclingstats.com/rider/erlend-blikra
1000,https://www.procyclingstats.com/rider/tord-gudmestad
1001,https://www.procyclingstats.com/rider/idar-andersen
1002,https://www.procyclingstats.com/rider/adne-holter
1003,https://www.procyclingstats.com/rider/erik-nordsaeter-resell
1004,https://www.procyclingstats.com/rider/anders-halland-johannessen
1005,https://www.procyclingstats.com/rider/stian-fredheim
1006,https://www.procyclingstats.com/rider/johannes-kulset
1007,https://www.procyclingstats.com/rider/jonas-iversby-hvideberg
1008,https://www.procyclingstats.com/rider/louis-bendixen
1009,https://www.procyclingstats.com/rider/martin-urianstad
1010,https://www.procyclingstats.com/rider/william-blume-levy
1011,https://www.procyclingstats.com/rider/carl-frederik-bevort
1012,https://www.procyclingstats.com/rider/sakarias-koller-loland
1013,https://www.procyclingstats.com/rider/marcus-sander-hansen
1014,https://www.procyclingstats.com/rider/sindre-kulset
1015,https://www.procyclingstats.com/rider/domenico-pozzovivo
1016,https://www.procyclingstats.com/rider/filippo-fiorelli
1017,https://www.procyclingstats.com/rider/davide-gabburo
1018,https://www.procyclingstats.com/rider/alessandro-tonelli
1019,https://www.procyclingstats.com/rider/enrico-zanoncello
1020,https://www.procyclingstats.com/rider/giulio-pellizzari
1021,https://www.procyclingstats.com/rider/luca-covili
1022,https://www.procyclingstats.com/rider/martin-marcellusi
1023,https://www.procyclingstats.com/rider/luca-colnaghi
1024,https://www.procyclingstats.com/rider/filippo-magli2
1025,https://www.procyclingstats.com/rider/manuele-tarozzi
1026,https://www.procyclingstats.com/rider/samuele-zoccarato
1027,https://www.procyclingstats.com/rider/alessio-martinelli
1028,https://www.procyclingstats.com/rider/alessandro-pinarello
1029,https://www.procyclingstats.com/rider/riccardo-lucca
1030,https://www.procyclingstats.com/rider/alex-tolio
1031,https://www.procyclingstats.com/rider/vicente-rojas
1032,https://www.procyclingstats.com/rider/lorenzo-conforti
1033,https://www.procyclingstats.com/rider/mattia-pinazzi
1034,https://www.procyclingstats.com/rider/federico-biagini
1035,https://www.procyclingstats.com/rider/matteo-scalco
1036,https://www.procyclingstats.com/rider/luca-paletti
1037,https://www.procyclingstats.com/rider/filippo-turconi
